{"system_colors":[{"_id":"vamtam_accent_1","title":"Accent 1","color":"#C10723"},{"_id":"vamtam_accent_2","title":"Accent 2","color":"#191919"},{"_id":"vamtam_accent_3","title":"Accent 3","color":"#F3F5F2"},{"_id":"vamtam_accent_4","title":"Accent 4","color":"#F3EDE3"},{"_id":"vamtam_accent_5","title":"Accent 5","color":"#FFFFFF"},{"_id":"vamtam_accent_6","title":"Accent 6","color":"#000000"},{"_id":"vamtam_accent_7","title":"Accent 7","color":"#DEDEDE"},{"_id":"vamtam_accent_8","title":" Accent Title","color":"#191919"},{"_id":"vamtam_sticky_header_bg_color","title":"Sticky Header Bg Color","color":"#F3F5F2"}],"system_typography":[{"_id":"vamtam_primary_font","title":"Primary Font","typography_typography":"custom","typography_font_family":"Helvetica","typography_font_size":{"unit":"px","size":16,"sizes":[]},"typography_line_height":{"unit":"em","size":1.3,"sizes":[]}},{"_id":"vamtam_h1","title":"H1","typography_typography":"custom","typography_font_family":"Bebas Neue","typography_font_size":{"unit":"px","size":70,"sizes":[]},"typography_font_size_tablet":{"unit":"px","size":65,"sizes":[]},"typography_font_size_mobile":{"unit":"px","size":50,"sizes":[]},"typography_line_height":{"unit":"em","size":0.9,"sizes":[]},"typography_font_weight":"normal","typography_text_transform":"uppercase"},{"_id":"vamtam_h2","title":"H2","typography_typography":"custom","typography_font_family":"Bebas Neue","typography_font_size":{"unit":"px","size":60,"sizes":[]},"typography_font_size_tablet":{"unit":"px","size":50,"sizes":[]},"typography_font_size_mobile":{"unit":"px","size":40,"sizes":[]},"typography_line_height":{"unit":"em","size":0.9,"sizes":[]},"typography_font_weight":"normal","typography_text_transform":"uppercase","typography_letter_spacing":{"unit":"px","size":1,"sizes":[]}},{"_id":"vamtam_h3","title":"H3","typography_typography":"custom","typography_font_family":"Bebas Neue","typography_font_size":{"unit":"px","size":36,"sizes":[]},"typography_line_height":{"unit":"em","size":0.9,"sizes":[]},"typography_font_weight":"normal","typography_text_transform":"uppercase","typography_font_size_tablet":{"unit":"px","size":35,"sizes":[]},"typography_font_size_mobile":{"unit":"px","size":32,"sizes":[]}},{"_id":"vamtam_h4","title":"H4","typography_typography":"custom","typography_font_family":"Bebas Neue","typography_font_size":{"unit":"px","size":30,"sizes":[]},"typography_line_height":{"unit":"em","size":0.9,"sizes":[]},"typography_font_weight":"normal","typography_text_transform":"uppercase"},{"_id":"vamtam_h5","title":"H5","typography_typography":"custom","typography_font_family":"Bebas Neue","typography_font_size":{"unit":"px","size":26,"sizes":[]},"typography_line_height":{"unit":"em","size":1,"sizes":[]},"typography_font_weight":"normal","typography_text_transform":"uppercase"},{"_id":"vamtam_h6","title":"H6","typography_typography":"custom","typography_font_family":"Bebas Neue","typography_font_size":{"unit":"px","size":20,"sizes":[]},"typography_line_height":{"unit":"em","size":1,"sizes":[]},"typography_font_weight":"normal","typography_text_transform":"uppercase"}]}