{"thwepof_since":"1653901865","thwepof_custom_sections":{"default":{"id":"default","name":"default","position":"woo_before_add_to_cart_button","order":"","cssclass":"","title_cell_with":"","field_cell_with":"","show_title":0,"title":"Default","title_type":"","title_color":"","title_class":"","cssclass_str":"","title_class_str":"","rules_action":"","conditional_rules_json":"","conditional_rules":[],"condition_sets":[],"fields":{"date_picker":{"order":"0","type":"datepicker","id":"date_picker","name":"date_picker","value":"Friday, 31 December","placeholder":"Select Date","options":"","validator":"","cssclass":"","cssclass_str":"","title":"Select Course Date","title_class":"","title_class_str":"","title_position":"above","required":"yes","enabled":"yes","readonly":0,"position":"woo_before_add_to_cart_button","conditional_rules_json":"%5B%5B%5B%5B%7B%22subject%22%3A%22category%22%2C%22comparison%22%3A%22equals%22%2C%22cvalue%22%3A%5B%22classes%22%5D%7D%5D%5D%5D%5D","conditional_rules":[{"logic":"and","condition_rules":[{"logic":"or","condition_sets":[{"logic":"and","conditions":[{"subject":"category","comparison":"equals","value":["classes"]}]}]}]}],"name_old":"date_picker","position_old":"","minlength":"","maxlength":""}}}},"thwepof_section_hook_map":{"woo_before_add_to_cart_button":null},"thwepof_options_name_title_map":{"date_picker":"Select Course Date"},"thwepof_advanced_settings":{"add-to_cart_text_settings":"","add_to_cart_text_addon":"","add_to_cart_text_simple":"","add_to_cart_text_variable":"","section_other_settings":"","hide_in_cart":"","hide_in_checkout":"","hide_in_order":"","allow_get_method":""}}